{
    "variants": {
        "facing=east,waterlogged=false": {
            "model": "rays_3d_ladders:block/create/andesite_ladder_1",
            "y": 90
        },
        "facing=east,waterlogged=true": {
            "model": "rays_3d_ladders:block/create/andesite_ladder_1",
            "y": 90
        },
        "facing=north,waterlogged=false": {
            "model": "rays_3d_ladders:block/create/andesite_ladder_1"
        },
        "facing=north,waterlogged=true": {
            "model": "rays_3d_ladders:block/create/andesite_ladder_1"
        },
        "facing=south,waterlogged=false": {
            "model": "rays_3d_ladders:block/create/andesite_ladder_1",
            "y": 180
        },
        "facing=south,waterlogged=true": {
            "model": "rays_3d_ladders:block/create/andesite_ladder_1",
            "y": 180
        },
        "facing=west,waterlogged=false": {
            "model": "rays_3d_ladders:block/create/andesite_ladder_1",
            "y": 270
        },
        "facing=west,waterlogged=true": {
            "model": "rays_3d_ladders:block/create/andesite_ladder_1",
            "y": 270
        }
    }
}